"","sample_size","effect_size","power"
"1",109.825009252938,0.3,0.6
"2",102.915742929364,0.31,0.6
"3",96.6441085024981,0.32,0.6
"4",90.933997807656,0.33,0.6
"5",85.7203357549137,0.34,0.6
"6",80.947206377839,0.35,0.6
"7",76.566358658541,0.36,0.6
"8",72.5359376447364,0.37,0.6
"9",68.8195922466229,0.38,0.6
"10",65.3854663871797,0.39,0.6
"11",62.2057456543525,0.4,0.6
"12",59.2558990596043,0.41,0.6
"13",56.5142864188857,0.42,0.6
"14",53.961811429364,0.43,0.6
"15",51.5814301215832,0.44,0.6
"16",49.3580342119671,0.45,0.6
"17",47.2781220669308,0.46,0.6
"18",45.3296155332129,0.47,0.6
"19",43.5016804141858,0.48,0.6
"20",41.7845766046452,0.49,0.6
"21",40.169528104612,0.5,0.6
"22",38.6485969636731,0.51,0.6
"23",37.2146541876256,0.52,0.6
"24",35.8611609183274,0.53,0.6
"25",34.5822107908805,0.54,0.6
"26",33.3724754233721,0.55,0.6
"27",32.2270161049477,0.56,0.6
"28",31.141375896533,0.57,0.6
"29",30.1114652934154,0.58,0.6
"30",29.133536356521,0.59,0.6
"31",28.2041452527859,0.6,0.6
"32",27.3201884241477,0.61,0.6
"33",26.4786974049053,0.62,0.6
"34",25.6770206815316,0.63,0.6
"35",24.9126896292246,0.64,0.6
"36",24.1834251101087,0.65,0.6
"37",23.4871189192186,0.66,0.6
"38",22.8218189903736,0.67,0.6
"39",22.1857157175586,0.68,0.6
"40",21.5771296550422,0.69,0.6
"41",20.9945302074839,0.7,0.6
"42",20.4363650310839,0.71,0.6
"43",19.9014048376824,0.72,0.6
"44",19.3883331938293,0.73,0.6
"45",18.8959813894946,0.74,0.6
"46",18.4232531138176,0.75,0.6
"47",17.9690919119384,0.76,0.6
"48",17.532622523104,0.77,0.6
"49",17.1128694243891,0.78,0.6
"50",16.7090153864542,0.79,0.6
"51",16.3202709967775,0.8,0.6
"52",15.9458951705317,0.81,0.6
"53",15.5851915196457,0.82,0.6
"54",15.237504912883,0.83,0.6
"55",14.9022181231919,0.84,0.6
"56",14.5787484203917,0.85,0.6
"57",14.2666049499379,0.86,0.6
"58",13.9651659868946,0.87,0.6
"59",13.6740220074509,0.88,0.6
"60",13.3926950452196,0.89,0.6
"61",13.1207518514254,0.9,0.6
"62",12.8577826826223,0.91,0.6
"63",12.6033999345674,0.92,0.6
"64",12.3572367210527,0.93,0.6
"65",12.1189499048932,0.94,0.6
"66",11.8882172779478,0.95,0.6
"67",11.6646516958386,0.96,0.6
"68",11.4480786168328,0.97,0.6
"69",11.2381556955883,0.98,0.6
"70",11.034616027351,0.99,0.6
"71",10.8372062468141,1,0.6
"72",10.6456856771502,1.01,0.6
"73",10.4598254776099,1.02,0.6
"74",10.2794098779007,1.03,0.6
"75",10.1042254939098,1.04,0.6
"76",9.93408392629282,1.05,0.6
"77",9.76879957705728,1.06,0.6
"78",9.60813863981481,1.07,0.6
"79",9.45201295303887,1.08,0.6
"80",9.30020925844573,1.09,0.6
"81",9.15258074903518,1.1,0.6
"82",9.00897785934804,1.11,0.6
"83",8.86925765475044,1.12,0.6
"84",8.7332834745037,1.13,0.6
"85",8.6009245925387,1.14,0.6
"86",8.47205589258077,1.15,0.6
"87",8.34655755354225,1.16,0.6
"88",8.22431474054665,1.17,0.6
"89",8.10521729534547,1.18,0.6
"90",7.98915941898308,1.19,0.6
"91",7.87603933760175,1.2,0.6
"92",7.76575894044219,1.21,0.6
"93",7.65828441213375,1.22,0.6
"94",7.55341544734784,1.23,0.6
"95",7.45113960304051,1.24,0.6
"96",7.35135865461415,1.25,0.6
"97",7.25399364256573,1.26,0.6
"98",7.15896868877943,1.27,0.6
"99",7.06614982292451,1.28,0.6
"100",6.97558899238812,1.29,0.6
"101",6.88715772776605,1.3,0.6
"102",6.80079116641002,1.31,0.6
"103",6.71642690606383,1.32,0.6
"104",6.63400489890234,1.33,0.6
"105",6.55346735018875,1.34,0.6
"106",6.47475862091561,1.35,0.6
"107",6.39782513378534,1.36,0.6
"108",6.3226152818879,1.37,0.6
"109",6.24907933934187,1.38,0.6
"110",6.17716937338034,1.39,0.6
"111",6.1068391569841,1.4,0.6
"112",6.03804408151291,1.41,0.6
"113",5.9707471036359,1.42,0.6
"114",5.90488865820593,1.43,0.6
"115",5.8404471308082,1.44,0.6
"116",5.77737831926872,1.45,0.6
"117",5.71564554139127,1.46,0.6
"118",5.65521356991255,1.47,0.6
"119",5.5960486046066,1.48,0.6
"120",5.53805721315193,1.49,0.6
"121",5.48132101982105,1.5,0.6
"122",5.42573294839083,1.51,0.6
"123",5.37127847682166,1.52,0.6
"124",5.31792794703451,1.53,0.6
"125",5.26565265419414,1.54,0.6
"126",5.21442480970437,1.55,0.6
"127",5.16421750573793,1.56,0.6
"128",5.11500468118974,1.57,0.6
"129",5.06676108888191,1.58,0.6
"130",5.01946226400981,1.59,0.6
"131",4.97308449353613,1.6,0.6
"132",4.92760478649929,1.61,0.6
"133",4.88300084503088,1.62,0.6
"134",4.8392510359141,1.63,0.6
"135",4.79633436249123,1.64,0.6
"136",4.75423043670959,1.65,0.6
"137",4.7129194510754,1.66,0.6
"138",4.67238215026493,1.67,0.6
"139",4.6325998021223,1.68,0.6
"140",4.59355416775606,1.69,0.6
"141",4.55522930990147,1.7,0.6
"142",4.51761168228703,1.71,0.6
"143",4.48068072286119,1.72,0.6
"144",4.44442038413503,1.73,0.6
"145",4.40881507535719,1.74,0.6
"146",4.37384964743918,1.75,0.6
"147",4.33950937843045,1.76,0.6
"148",4.30577995961261,1.77,0.6
"149",4.27264748204708,1.78,0.6
"150",4.24009842363894,1.79,0.6
"151",4.20811963664861,1.8,0.6
"152",4.17669833562649,1.81,0.6
"153",4.14582208574114,1.82,0.6
"154",4.11547879147219,1.83,0.6
"155",4.08565668564022,1.84,0.6
"156",4.05634431874685,1.85,0.6
"157",4.02753054859927,1.86,0.6
"158",3.99920453019432,1.87,0.6
"159",3.97135561714952,1.88,0.6
"160",3.94397371826013,1.89,0.6
"161",3.9170483268528,1.9,0.6
"162",3.89056979009465,1.91,0.6
"163",3.86452862095658,1.92,0.6
"164",3.83891564656518,1.93,0.6
"165",3.81372196234244,1.94,0.6
"166",3.7889388916917,1.95,0.6
"167",3.76455795732924,1.96,0.6
"168",3.7405708642799,1.97,0.6
"169",3.71696949202232,1.98,0.6
"170",3.69374589262199,1.99,0.6
"171",3.67090015331026,2,0.6
"172",3.64840876564344,2.01,0.6
"173",3.62627215435839,2.02,0.6
"174",3.60448314744851,2.03,0.6
"175",3.58301908973928,2.04,0.6
"176",3.56194604196047,2.05,0.6
"177",3.54113243784133,2.06,0.6
"178",3.52066518152786,2.07,0.6
"179",3.50051184664656,2.08,0.6
"180",3.48066623746692,2.09,0.6
"181",3.46112238451594,2.1,0.6
"182",3.44187448958976,2.11,0.6
"183",3.42291688170457,2.12,0.6
"184",3.40424399164294,2.13,0.6
"185",3.38585482694596,2.14,0.6
"186",3.36773539425986,2.15,0.6
"187",3.34988419607479,2.16,0.6
"188",3.3322961779913,2.17,0.6
"189",3.31496634766399,2.18,0.6
"190",3.29788980709669,2.19,0.6
"191",3.28103602332763,2.2,0.6
"192",3.2644974847477,2.21,0.6
"193",3.24814371656032,2.22,0.6
"194",3.23202849086888,2.23,0.6
"195",3.21614580576568,2.24,0.6
"196",3.20048722006172,2.25,0.6
"197",3.18505471321378,2.26,0.6
"198",3.16984009285171,2.27,0.6
"199",3.15484190453305,2.28,0.6
"200",3.1400517351724,2.29,0.6
"201",3.1254674645327,2.3,0.6
"202",3.11108545688028,2.31,0.6
"203",3.09690208384617,2.32,0.6
"204",3.08289646988811,2.33,0.6
"205",3.06914044352852,2.34,0.6
"206",3.05552083240109,2.35,0.6
"207",3.04209108507122,2.36,0.6
"208",3.02884558052755,2.37,0.6
"209",3.0157798248911,2.38,0.6
"210",3.00288997719063,2.39,0.6
"211",2.99017258346058,2.4,0.6
"212",2.97762378459709,2.41,0.6
"213",2.96524222280154,2.42,0.6
"214",2.95302362712835,2.43,0.6
"215",2.9409653168542,2.44,0.6
"216",2.92906456360181,2.45,0.6
"217",2.91729128134013,2.46,0.6
"218",2.90574195178489,2.47,0.6
"219",2.89428935570876,2.48,0.6
"220",2.8829880127289,2.49,0.6
"221",2.87183336223858,2.5,0.6
"222",2.86082189497561,2.51,0.6
"223",2.84995067190155,2.52,0.6
"224",2.8392170706082,2.53,0.6
"225",2.82861865280313,2.54,0.6
"226",2.81815058662836,2.55,0.6
"227",2.80781812042001,2.56,0.6
"228",2.79761163743116,2.57,0.6
"229",2.78750366072544,2.58,0.6
"230",2.77759134506652,2.59,0.6
"231",2.76774917030933,2.6,0.6
"232",2.75803155575199,2.61,0.6
"233",2.7484342700801,2.62,0.6
"234",2.73895428706082,2.63,0.6
"235",2.7295891914379,2.64,0.6
"236",2.72033688329377,2.65,0.6
"237",2.7111954324889,2.66,0.6
"238",2.7021425800472,2.67,0.6
"239",2.69326220333814,2.68,0.6
"240",2.68440650270661,2.69,0.6
"241",2.67572485439113,2.7,0.6
"242",2.66709894918711,2.71,0.6
"243",2.6585803964418,2.72,0.6
"244",2.65016395250617,2.73,0.6
"245",2.64184637258686,2.74,0.6
"246",2.63362536163347,2.75,0.6
"247",2.62549907782717,2.76,0.6
"248",2.61746590075897,2.77,0.6
"249",2.60950068845677,2.78,0.6
"250",2.60169456202817,2.79,0.6
"251",2.59392269258656,2.8,0.6
"252",2.58624208839149,2.81,0.6
"253",2.57865591320596,2.82,0.6
"254",2.57114560596622,2.83,0.6
"255",2.56372215575325,2.84,0.6
"256",2.55638235903462,2.85,0.6
"257",2.54912414047466,2.86,0.6
"258",2.54194592873221,2.87,0.6
"259",2.53483572410883,2.88,0.6
"260",2.52785256174513,2.89,0.6
"261",2.52089415976808,2.9,0.6
"262",2.51401635382015,2.91,0.6
"263",2.50721567140424,2.92,0.6
"264",2.50048966200329,2.93,0.6
"265",2.49383803656049,2.94,0.6
"266",2.48725503170723,2.95,0.6
"267",2.48074288410038,2.96,0.6
"268",2.47429991425498,2.97,0.6
"269",2.46792316186898,2.98,0.6
"270",2.46158783731435,2.99,0.6
"271",2.45539160551054,3,0.6
"272",2.44920599785239,3.01,0.6
"273",2.44308806464251,3.02,0.6
"274",2.43703519474507,3.03,0.6
"275",2.43104555560143,3.04,0.6
"276",2.42511775536499,3.05,0.6
"277",2.41925083591973,3.06,0.6
"278",2.41344326261918,3.07,0.6
"279",2.40769424998025,3.08,0.6
"280",2.40197461144096,3.09,0.6
"281",2.39638676262623,3.1,0.6
"282",2.39080145787979,3.11,0.6
"283",2.38527551376567,3.12,0.6
"284",2.37980632731912,3.13,0.6
"285",2.37439217276219,3.14,0.6
"286",2.36903179919948,3.15,0.6
"287",2.36372421334866,3.16,0.6
"288",2.35846860657699,3.17,0.6
"289",2.35325620601949,3.18,0.6
"290",2.34813663497716,3.19,0.6
"291",2.34301889888488,3.2,0.6
"292",2.33795692647216,3.21,0.6
"293",2.3329467407368,3.22,0.6
"294",2.3279860007691,3.23,0.6
"295",2.32307321373451,3.24,0.6
"296",2.31820732451499,3.25,0.6
"297",2.31338858051032,3.26,0.6
"298",2.30863841764123,3.27,0.6
"299",2.30386133018724,3.28,0.6
"300",2.29921624442447,3.29,0.6
"301",2.29456427165653,3.3,0.6
"302",2.28996040071225,3.31,0.6
"303",2.28540138689084,3.32,0.6
"304",2.28088537951245,3.33,0.6
"305",2.27641121430168,3.34,0.6
"306",2.27197806327583,3.35,0.6
"307",2.26760946591157,3.36,0.6
"308",2.26321119477778,3.37,0.6
"309",2.2589065329857,3.38,0.6
"310",2.25465381016263,3.39,0.6
"311",2.25041115825666,3.4,0.6
"312",2.24620945562221,3.41,0.6
"313",2.24204646561639,3.42,0.6
"314",2.23792091732799,3.43,0.6
"315",2.23383223491898,3.44,0.6
"316",2.22980620272899,3.45,0.6
"317",2.22574295785364,3.46,0.6
"318",2.22176904504804,3.47,0.6
"319",2.21782588278486,3.48,0.6
"320",2.21392207889302,3.49,0.6
"321",2.21003946994519,3.5,0.6
"322",2.20619168675148,3.51,0.6
"323",2.20237743727649,3.52,0.6
"324",2.19860674000903,3.53,0.6
"325",2.1948197855342,3.54,0.6
"326",2.19111495736123,3.55,0.6
"327",2.18743557936002,3.56,0.6
"328",2.18378393999722,3.57,0.6
"329",2.1801611529577,3.58,0.6
"330",2.17656993126032,3.59,0.6
"331",2.17300452941293,3.6,0.6
"332",2.16946913059409,3.61,0.6
"333",2.16598968732104,3.62,0.6
"334",2.16246843540695,3.63,0.6
"335",2.15902848743508,3.64,0.6
"336",2.15561237499831,3.65,0.6
"337",2.15222183923834,3.66,0.6
"338",2.14885764660946,3.67,0.6
"339",2.14552004489578,3.68,0.6
"340",2.14220944727132,3.69,0.6
"341",2.13894775515371,3.7,0.6
"342",2.13564783171872,3.71,0.6
"343",2.13242477581919,3.72,0.6
"344",2.12922237565454,3.73,0.6
"345",2.12604288575224,3.74,0.6
"346",2.12288727305665,3.75,0.6
"347",2.11975586715252,3.76,0.6
"348",2.11664868416667,3.77,0.6
"349",2.11359330732341,3.78,0.6
"350",2.11049162301415,3.79,0.6
"351",2.1074643681972,3.8,0.6
"352",2.10445584713319,3.81,0.6
"353",2.10146837508435,3.82,0.6
"354",2.09850285855155,3.83,0.6
"355",2.09555956322409,3.84,0.6
"356",2.09263846845215,3.85,0.6
"357",2.08971850388298,3.86,0.6
"358",2.08685398629782,3.87,0.6
"359",2.08400349424876,3.88,0.6
"360",2.08117131527359,3.89,0.6
"361",2.07835908178124,3.9,0.6
"362",2.07556731157679,3.91,0.6
"363",2.07279607157107,3.92,0.6
"364",2.070045251757,3.93,0.6
"365",2.06730740688501,3.94,0.6
"366",2.06460174020462,3.95,0.6
"367",2.06191266703073,3.96,0.6
"368",2.05924211281693,3.97,0.6
"369",2.05659060911261,3.98,0.6
"370",2.05395819612177,3.99,0.6
"371",2.05133647474212,4,0.6
"372",138.122232210455,0.3,0.7
"373",129.416630988181,0.31,0.7
"374",121.514383729018,0.32,0.7
"375",114.319664044338,0.33,0.7
"376",107.750418930337,0.34,0.7
"377",101.73626596804,0.35,0.7
"378",96.2163011261668,0.36,0.7
"379",91.1378867255444,0.37,0.7
"380",86.4551329501883,0.38,0.7
"381",82.1280740993526,0.39,0.7
"382",78.1214617069015,0.4,0.7
"383",74.4044920556118,0.41,0.7
"384",70.949909340499,0.42,0.7
"385",67.7335786022661,0.43,0.7
"386",64.7341002365364,0.44,0.7
"387",61.9324180331893,0.45,0.7
"388",59.311450798978,0.46,0.7
"389",56.8560903640112,0.47,0.7
"390",54.5526930348823,0.48,0.7
"391",52.3888705480152,0.49,0.7
"392",50.3536287032505,0.5,0.7
"393",48.4369844806455,0.51,0.7
"394",46.629904215518,0.52,0.7
"395",44.9242054050358,0.53,0.7
"396",43.3124243451774,0.54,0.7
"397",41.7878371886638,0.55,0.7
"398",40.3442092868958,0.56,0.7
"399",38.9759629404467,0.57,0.7
"400",37.6779251559114,0.58,0.7
"401",36.4453597603713,0.59,0.7
"402",35.2740133389858,0.6,0.7
"403",34.1598257042494,0.61,0.7
"404",33.0991693351915,0.62,0.7
"405",32.0886733383842,0.63,0.7
"406",31.125224483409,0.64,0.7
"407",30.2059524650588,0.65,0.7
"408",29.3281949914301,0.66,0.7
"409",28.4894976414976,0.67,0.7
"410",27.6875808243879,0.68,0.7
"411",26.9203289484477,0.69,0.7
"412",26.1857763831596,0.7,0.7
"413",25.4820948109885,0.71,0.7
"414",24.8075818356768,0.72,0.7
"415",24.160650721896,0.73,0.7
"416",23.5398410390617,0.74,0.7
"417",22.9437047654163,0.75,0.7
"418",22.3710277283423,0.76,0.7
"419",21.8205680976365,0.77,0.7
"420",21.2911868085768,0.78,0.7
"421",20.7818369454291,0.79,0.7
"422",20.2915194162505,0.8,0.7
"423",19.819300131925,0.81,0.7
"424",19.3643001294284,0.82,0.7
"425",18.9256891948219,0.83,0.7
"426",18.5027293961415,0.84,0.7
"427",18.0946443615862,0.85,0.7
"428",17.7007631024078,0.86,0.7
"429",17.3204373664308,0.87,0.7
"430",16.9530549609419,0.88,0.7
"431",16.5980364752503,0.89,0.7
"432",16.2548366995829,0.9,0.7
"433",15.9229395633552,0.91,0.7
"434",15.601854908486,0.92,0.7
"435",15.2911221131954,0.93,0.7
"436",14.9903034998994,0.94,0.7
"437",14.6989843048634,0.95,0.7
"438",14.4167712464019,0.96,0.7
"439",14.1432911961668,0.97,0.7
"440",13.8781899460888,0.98,0.7
"441",13.6211310641641,0.99,0.7
"442",13.3717948326503,1,0.7
"443",13.1298772624251,1.01,0.7
"444",12.895103888711,1.02,0.7
"445",12.6671362642209,1.03,0.7
"446",12.4458082328202,1.04,0.7
"447",12.2308139844119,1.05,0.7
"448",12.021920428121,1.06,0.7
"449",11.8189046363884,1.07,0.7
"450",11.6215663811097,1.08,0.7
"451",11.4296488298442,1.09,0.7
"452",11.2430064826427,1.1,0.7
"453",11.061433524584,1.11,0.7
"454",10.884749919926,1.12,0.7
"455",10.7127834611083,1.13,0.7
"456",10.5453692477487,1.14,0.7
"457",10.3823491055516,1.15,0.7
"458",10.2235708933914,1.16,0.7
"459",10.0688876265138,1.17,0.7
"460",9.91821735428338,1.18,0.7
"461",9.77131598091925,1.19,0.7
"462",9.62813840024969,1.2,0.7
"463",9.48854217221536,1.21,0.7
"464",9.3524107378999,1.22,0.7
"465",9.21963141349237,1.23,0.7
"466",9.09009695381517,1.24,0.7
"467",8.96370413273499,1.25,0.7
"468",8.84035401685813,1.26,0.7
"469",8.71995045086905,1.27,0.7
"470",8.60240242851786,1.28,0.7
"471",8.48762189494199,1.29,0.7
"472",8.37552416385609,1.3,0.7
"473",8.26602776319529,1.31,0.7
"474",8.15905428897782,1.32,0.7
"475",8.05452826685796,1.33,0.7
"476",7.95237702096523,1.34,0.7
"477",7.85253054963609,1.35,0.7
"478",7.75492140766486,1.36,0.7
"479",7.65948459471485,1.37,0.7
"480",7.56616010405995,1.38,0.7
"481",7.47490111839666,1.39,0.7
"482",7.38556776271722,1.4,0.7
"483",7.29822616592246,1.41,0.7
"484",7.21276152234557,1.42,0.7
"485",7.12912211408736,1.43,0.7
"486",7.0472581398168,1.44,0.7
"487",6.96712155708575,1.45,0.7
"488",6.88866589895666,1.46,0.7
"489",6.81187027103889,1.47,0.7
"490",6.73661973209577,1.48,0.7
"491",6.66294874451628,1.49,0.7
"492",6.5907979933875,1.5,0.7
"493",6.52006704557641,1.51,0.7
"494",6.45079479894412,1.52,0.7
"495",6.38291511071745,1.53,0.7
"496",6.31639190667275,1.54,0.7
"497",6.25119025975049,1.55,0.7
"498",6.18727634038957,1.56,0.7
"499",6.12461736584732,1.57,0.7
"500",6.06318154717097,1.58,0.7
"501",6.00293803211317,1.59,0.7
"502",5.94385684183723,1.6,0.7
"503",5.88590879873035,1.61,0.7
"504",5.82906544204172,1.62,0.7
"505",5.77329892739678,1.63,0.7
"506",5.71858190553383,1.64,0.7
"507",5.66494841006143,1.65,0.7
"508",5.61224445978589,1.66,0.7
"509",5.5605440503832,1.67,0.7
"510",5.50979875139512,1.68,0.7
"511",5.45998593157784,1.69,0.7
"512",5.41108350660132,1.7,0.7
"513",5.36307024057774,1.71,0.7
"514",5.31592558286085,1.72,0.7
"515",5.26962902626617,1.73,0.7
"516",5.22416125114439,1.74,0.7
"517",5.17950326583099,1.75,0.7
"518",5.13563661282746,1.76,0.7
"519",5.09254335075318,1.77,0.7
"520",5.05020603700671,1.78,0.7
"521",5.00860771110631,1.79,0.7
"522",4.96773187868124,1.8,0.7
"523",4.92756249608649,1.81,0.7
"524",4.888083955615,1.82,0.7
"525",4.84928801647138,1.83,0.7
"526",4.81115466307582,1.84,0.7
"527",4.77366711974394,1.85,0.7
"528",4.73675027593605,1.86,0.7
"529",4.70051251877269,1.87,0.7
"530",4.66487951152728,1.88,0.7
"531",4.62983832362526,1.89,0.7
"532",4.59537638456577,1.9,0.7
"533",4.56148147268841,1.91,0.7
"534",4.52814170347879,1.92,0.7
"535",4.49534551730182,1.93,0.7
"536",4.46308166644551,1.94,0.7
"537",4.43133920135622,1.95,0.7
"538",4.40010745594667,1.96,0.7
"539",4.36937603185934,1.97,0.7
"540",4.33913478157047,1.98,0.7
"541",4.30938777893672,1.99,0.7
"542",4.28009891185039,2,0.7
"543",4.25125430913619,2.01,0.7
"544",4.22287788349305,2.02,0.7
"545",4.1949457165724,2.03,0.7
"546",4.16744976746018,2.04,0.7
"547",4.14038233595025,2.05,0.7
"548",4.1137360661012,2.06,0.7
"549",4.08744291503999,2.07,0.7
"550",4.06160708681115,2.08,0.7
"551",4.036150659183,2.09,0.7
"552",4.01107946744892,2.1,0.7
"553",3.98638605444149,2.11,0.7
"554",3.96206313648132,2.12,0.7
"555",3.93810359826239,2.13,0.7
"556",3.91450048780779,2.14,0.7
"557",3.89124701146951,2.15,0.7
"558",3.86833652894315,2.16,0.7
"559",3.84576254826498,2.17,0.7
"560",3.8235187207555,2.18,0.7
"561",3.80159883586977,2.19,0.7
"562",3.77999681591145,2.2,0.7
"563",3.75870671056819,2.21,0.7
"564",3.73772269119075,2.22,0.7
"565",3.71703904483026,2.23,0.7
"566",3.69665016788959,2.24,0.7
"567",3.67655055939722,2.25,0.7
"568",3.65673481382084,2.26,0.7
"569",3.63719761336953,2.27,0.7
"570",3.61793371973253,2.28,0.7
"571",3.59893796520917,2.29,0.7
"572",3.58020524319377,2.3,0.7
"573",3.56179153314938,2.31,0.7
"574",3.54357504190114,2.32,0.7
"575",3.52561525585926,2.33,0.7
"576",3.50790161646368,2.34,0.7
"577",3.49042975867856,2.35,0.7
"578",3.47319540921275,2.36,0.7
"579",3.45613334930697,2.37,0.7
"580",3.43936155333599,2.38,0.7
"581",3.4228149759519,2.39,0.7
"582",3.4064896907983,2.4,0.7
"583",3.39038185351351,2.41,0.7
"584",3.37448769993188,2.42,0.7
"585",3.35880354432739,2.43,0.7
"586",3.34332577769657,2.44,0.7
"587",3.32805086607718,2.45,0.7
"588",3.31297534889997,2.46,0.7
"589",3.29809583737014,2.47,0.7
"590",3.28340901287585,2.48,0.7
"591",3.26891162542094,2.49,0.7
"592",3.25460049207913,2.5,0.7
"593",3.24047249546728,2.51,0.7
"594",3.22652458223874,2.52,0.7
"595",3.21275376157448,2.53,0.7
"596",3.19915710371894,2.54,0.7
"597",3.18573173849475,2.55,0.7
"598",3.17247485384168,2.56,0.7
"599",3.15938369435972,2.57,0.7
"600",3.14645555985806,2.58,0.7
"601",3.13368780390888,2.59,0.7
"602",3.121077832405,2.6,0.7
"603",3.10862310212072,2.61,0.7
"604",3.0963211192754,2.62,0.7
"605",3.08416943809956,2.63,0.7
"606",3.07216565940366,2.64,0.7
"607",3.06030742914971,2.65,0.7
"608",3.04857459902282,2.66,0.7
"609",3.03702652120461,2.67,0.7
"610",3.02558354329138,2.68,0.7
"611",3.0142951253135,2.69,0.7
"612",3.00309425950602,2.7,0.7
"613",2.99208827313031,2.71,0.7
"614",2.98118673776649,2.72,0.7
"615",2.97041356622444,2.73,0.7
"616",2.95976681291933,2.74,0.7
"617",2.94924457225699,2.75,0.7
"618",2.93884497777207,2.76,0.7
"619",2.92856620127062,2.77,0.7
"620",2.91840645197655,2.78,0.7
"621",2.90836397568107,2.79,0.7
"622",2.89843705389495,2.8,0.7
"623",2.88862400300262,2.81,0.7
"624",2.8789231734208,2.82,0.7
"625",2.8693329487451,2.83,0.7
"626",2.8597907097675,2.84,0.7
"627",2.85041697425055,2.85,0.7
"628",2.84114918515234,2.86,0.7
"629",2.83198585041247,2.87,0.7
"630",2.82292352838042,2.88,0.7
"631",2.81395388778187,2.89,0.7
"632",2.80508314405746,2.9,0.7
"633",2.79630983929699,2.91,0.7
"634",2.78763254138882,2.92,0.7
"635",2.77904984349163,2.93,0.7
"636",2.77056036351811,2.94,0.7
"637",2.76216274363052,2.95,0.7
"638",2.75385564974766,2.96,0.7
"639",2.74563777106564,2.97,0.7
"640",2.73750781957691,2.98,0.7
"641",2.72946452962474,2.99,0.7
"642",2.72150665744386,3,0.7
"643",2.71363298072325,3.01,0.7
"644",2.70584229817643,3.02,0.7
"645",2.69813342912169,3.03,0.7
"646",2.69050521307173,3.04,0.7
"647",2.68295650933282,3.05,0.7
"648",2.67548619661301,3.06,0.7
"649",2.66809317263953,3.07,0.7
"650",2.66077663264325,3.08,0.7
"651",2.65351709280803,3.09,0.7
"652",2.64637420471453,3.1,0.7
"653",2.63927340967904,3.11,0.7
"654",2.63226057898047,3.12,0.7
"655",2.62529925694592,3.13,0.7
"656",2.61841760128564,3.14,0.7
"657",2.61160479546549,3.15,0.7
"658",2.6048601782601,3.16,0.7
"659",2.59818304168594,3.17,0.7
"660",2.59157494827713,3.18,0.7
"661",2.58503005531419,3.19,0.7
"662",2.57852180753135,3.2,0.7
"663",2.57210263493667,3.21,0.7
"664",2.56577901510566,3.22,0.7
"665",2.55948675048725,3.23,0.7
"666",2.55325548310082,3.24,0.7
"667",2.54708462705976,3.25,0.7
"668",2.54097513804387,3.26,0.7
"669",2.53492306285603,3.27,0.7
"670",2.52890611690828,3.28,0.7
"671",2.52300662581948,3.29,0.7
"672",2.5171170174678,3.3,0.7
"673",2.51128876261454,3.31,0.7
"674",2.50551643000423,3.32,0.7
"675",2.49980053675011,3.33,0.7
"676",2.49413934146264,3.34,0.7
"677",2.4885303337794,3.35,0.7
"678",2.48295348584939,3.36,0.7
"679",2.477483273679,3.37,0.7
"680",2.47201911652712,3.38,0.7
"681",2.46661126876737,3.39,0.7
"682",2.46125524804849,3.4,0.7
"683",2.45594898913363,3.41,0.7
"684",2.45069115462301,3.42,0.7
"685",2.4454814640167,3.43,0.7
"686",2.44029892795598,3.44,0.7
"687",2.4352172819706,3.45,0.7
"688",2.43013753230412,3.46,0.7
"689",2.42510928535336,3.47,0.7
"690",2.42012801555623,3.48,0.7
"691",2.41519174473689,3.49,0.7
"692",2.41029310662409,3.5,0.7
"693",2.4054502961447,3.51,0.7
"694",2.40062140115318,3.52,0.7
"695",2.39589269888832,3.53,0.7
"696",2.39116118316006,3.54,0.7
"697",2.38647650876553,3.55,0.7
"698",2.38183436961217,3.56,0.7
"699",2.37723296353579,3.57,0.7
"700",2.37265483524063,3.58,0.7
"701",2.36817102773426,3.59,0.7
"702",2.36363788527602,3.6,0.7
"703",2.35923061332194,3.61,0.7
"704",2.35481525934807,3.62,0.7
"705",2.35044222774443,3.63,0.7
"706",2.34610766620585,3.64,0.7
"707",2.34181001693492,3.65,0.7
"708",2.33752184850599,3.66,0.7
"709",2.33333912425963,3.67,0.7
"710",2.32913963546381,3.68,0.7
"711",2.32498416840859,3.69,0.7
"712",2.3208563788118,3.7,0.7
"713",2.31676659675514,3.71,0.7
"714",2.3127115891287,3.72,0.7
"715",2.30868234464594,3.73,0.7
"716",2.30472657888029,3.74,0.7
"717",2.30075688798063,3.75,0.7
"718",2.29682626008437,3.76,0.7
"719",2.29293061055006,3.77,0.7
"720",2.28906845428751,3.78,0.7
"721",2.28523660478117,3.79,0.7
"722",2.28143620453047,3.8,0.7
"723",2.27764318868971,3.81,0.7
"724",2.27394357846181,3.82,0.7
"725",2.27022358304254,3.83,0.7
"726",2.26653794021387,3.84,0.7
"727",2.26288352855219,3.85,0.7
"728",2.25925872814211,3.86,0.7
"729",2.25566263104449,3.87,0.7
"730",2.25209049507034,3.88,0.7
"731",2.24857963043421,3.89,0.7
"732",2.24505247846449,3.9,0.7
"733",2.24156019760853,3.91,0.7
"734",2.23809813250303,3.92,0.7
"735",2.23466402349903,3.93,0.7
"736",2.2312567019815,3.94,0.7
"737",2.22787549553125,3.95,0.7
"738",2.22449555284066,3.96,0.7
"739",2.22120536281853,3.97,0.7
"740",2.21789109834042,3.98,0.7
"741",2.21460674172942,3.99,0.7
"742",2.2113490648174,4,0.7
"743",175.384666619326,0.3,0.8
"744",164.313674878381,0.31,0.8
"745",154.26431684456,0.32,0.8
"746",145.114668718876,0.33,0.8
"747",136.760453103971,0.34,0.8
"748",129.112076482611,0.35,0.8
"749",122.092214024715,0.36,0.8
"750",115.633845226788,0.37,0.8
"751",109.67865238865,0.38,0.8
"752",104.175709229906,0.39,0.8
"753",99.0803247873936,0.4,0.8
"754",94.3532636201959,0.41,0.8
"755",89.9598639590201,0.42,0.8
"756",85.8694340841072,0.43,0.8
"757",82.0547701269924,0.44,0.8
"758",78.4916158672637,0.45,0.8
"759",75.1583544804419,0.46,0.8
"760",72.0356269778712,0.47,0.8
"761",69.1060738661484,0.48,0.8
"762",66.354088759095,0.49,0.8
"763",63.7656104441483,0.5,0.8
"764",61.3279416284136,0.51,0.8
"765",59.0295951123725,0.52,0.8
"766",56.8601566912834,0.53,0.8
"767",54.8101371558194,0.54,0.8
"768",52.8710254176721,0.55,0.8
"769",51.0348701408073,0.56,0.8
"770",49.2945820957592,0.57,0.8
"771",47.6435184554776,0.58,0.8
"772",46.0757672899473,0.59,0.8
"773",44.5857659664397,0.6,0.8
"774",43.1685326914082,0.61,0.8
"775",41.8193446846101,0.62,0.8
"776",40.5339569699029,0.63,0.8
"777",39.3083477203036,0.64,0.8
"778",38.138936599138,0.65,0.8
"779",37.0223209064408,0.66,0.8
"780",35.9553729503544,0.67,0.8
"781",34.9351933105205,0.68,0.8
"782",33.9590911339733,0.69,0.8
"783",33.0245665152182,0.7,0.8
"784",32.1292939409445,0.71,0.8
"785",31.2711086887901,0.72,0.8
"786",30.447993133646,0.73,0.8
"787",29.6580612028552,0.74,0.8
"788",28.8995947188415,0.75,0.8
"789",28.1708665644322,0.76,0.8
"790",27.4703979961994,0.77,0.8
"791",26.7967462222497,0.78,0.8
"792",26.1485326432201,0.79,0.8
"793",25.524581615622,0.8,0.8
"794",24.9235954141498,0.81,0.8
"795",24.3445169159521,0.82,0.8
"796",23.786284239708,0.83,0.8
"797",23.2479244089414,0.84,0.8
"798",22.728473628262,0.85,0.8
"799",22.2270933623067,0.86,0.8
"800",21.7429466444855,0.87,0.8
"801",21.2752582161558,0.88,0.8
"802",20.8233031284069,0.89,0.8
"803",20.3863078021059,0.9,0.8
"804",19.9637468472022,0.91,0.8
"805",19.5549178192098,0.92,0.8
"806",19.1592458222315,0.93,0.8
"807",18.7761773163447,0.94,0.8
"808",18.4051848176041,0.95,0.8
"809",18.0457681684491,0.96,0.8
"810",17.6974529055921,0.97,0.8
"811",17.3597884922245,0.98,0.8
"812",17.0323471855679,0.99,0.8
"813",16.7147224663509,1,0.8
"814",16.4065198125583,1.01,0.8
"815",16.1073725994323,1.02,0.8
"816",15.8170014148053,1.03,0.8
"817",15.5349513968963,1.04,0.8
"818",15.260966212179,1.05,0.8
"819",14.994743070931,1.06,0.8
"820",14.7359930275007,1.07,0.8
"821",14.4844403331828,1.08,0.8
"822",14.2398218444354,1.09,0.8
"823",14.0018726117803,1.1,0.8
"824",13.7703702725418,1.11,0.8
"825",13.5451408434999,1.12,0.8
"826",13.3258182136637,1.13,0.8
"827",13.1123401659602,1.14,0.8
"828",12.9044317014255,1.15,0.8
"829",12.7019189204189,1.16,0.8
"830",12.5046205861601,1.17,0.8
"831",12.3123666202974,1.18,0.8
"832",12.1249402776227,1.19,0.8
"833",11.9422575277218,1.2,0.8
"834",11.7641164853119,1.21,0.8
"835",11.5903790643213,1.22,0.8
"836",11.4209039432055,1.23,0.8
"837",11.2555569375551,1.24,0.8
"838",11.0942000487917,1.25,0.8
"839",10.9367107075673,1.26,0.8
"840",10.7829677919514,1.27,0.8
"841",10.6328548347262,1.28,0.8
"842",10.4861987637646,1.29,0.8
"843",10.3430138333572,1.3,0.8
"844",10.2031352193262,1.31,0.8
"845",10.0664629811247,1.32,0.8
"846",9.9328957513621,1.33,0.8
"847",9.80232731037604,1.34,0.8
"848",9.67470174906242,1.35,0.8
"849",9.54991937294854,1.36,0.8
"850",9.42795882644543,1.37,0.8
"851",9.30861862495055,1.38,0.8
"852",9.19188322706139,1.39,0.8
"853",9.0776787623904,1.4,0.8
"854",8.96593394259448,1.41,0.8
"855",8.8565799452456,1.42,0.8
"856",8.74955030566388,1.43,0.8
"857",8.64478081703334,1.44,0.8
"858",8.54220943859416,1.45,0.8
"859",8.44177621151383,1.46,0.8
"860",8.34342318168527,1.47,0.8
"861",8.24709432834088,1.48,0.8
"862",8.1527354970349,1.49,0.8
"863",8.06032097834746,1.5,0.8
"864",7.96970743496404,1.51,0.8
"865",7.88096106282332,1.52,0.8
"866",7.79397871339636,1.53,0.8
"867",7.70870501214737,1.54,0.8
"868",7.62514154618511,1.55,0.8
"869",7.54322719119209,1.56,0.8
"870",7.46285204247145,1.57,0.8
"871",7.38406251600696,1.58,0.8
"872",7.3067899444425,1.59,0.8
"873",7.23099730308392,1.6,0.8
"874",7.15664765847794,1.61,0.8
"875",7.08370648350966,1.62,0.8
"876",7.01214069147091,1.63,0.8
"877",6.94191920890346,1.64,0.8
"878",6.87295242570829,1.65,0.8
"879",6.80532835638055,1.66,0.8
"880",6.7389251516832,1.67,0.8
"881",6.67373771089675,1.68,0.8
"882",6.60973746599902,1.69,0.8
"883",6.54689680552746,1.7,0.8
"884",6.48518914594491,1.71,0.8
"885",6.42458684016905,1.72,0.8
"886",6.3650646387592,1.73,0.8
"887",6.30659810431238,1.74,0.8
"888",6.24916314906684,1.75,0.8
"889",6.19273635848029,1.76,0.8
"890",6.13729496828931,1.77,0.8
"891",6.08281684270084,1.78,0.8
"892",6.02928045369609,1.79,0.8
"893",5.9766648614202,1.8,0.8
"894",5.92494969563114,1.81,0.8
"895",5.8741151381127,1.82,0.8
"896",5.82413648264533,1.83,0.8
"897",5.77500399008253,1.84,0.8
"898",5.72669595905779,1.85,0.8
"899",5.6791946776825,1.86,0.8
"900",5.63248290382713,1.87,0.8
"901",5.58654384937377,1.88,0.8
"902",5.54136116506415,1.89,0.8
"903",5.49691892594942,1.9,0.8
"904",5.45320161744792,1.91,0.8
"905",5.41019412201578,1.92,0.8
"906",5.36788170643253,1.93,0.8
"907",5.32625000969922,1.94,0.8
"908",5.28528503154131,1.95,0.8
"909",5.24497312150112,1.96,0.8
"910",5.20530096859653,1.97,0.8
"911",5.16625559151357,1.98,0.8
"912",5.12782432929064,1.99,0.8
"913",5.08999483245122,2,0.8
"914",5.05276238388051,2.01,0.8
"915",5.01611911324742,2.02,0.8
"916",4.97997646847382,2.03,0.8
"917",4.94444599842855,2.04,0.8
"918",4.90945650816529,2.05,0.8
"919",4.87499815117128,2.06,0.8
"920",4.8410613354334,2.07,0.8
"921",4.80763665334087,2.08,0.8
"922",4.77471479940971,2.09,0.8
"923",4.74230399688615,2.1,0.8
"924",4.71034408014653,2.11,0.8
"925",4.6788828627486,2.12,0.8
"926",4.64789958909647,2.13,0.8
"927",4.61732390439453,2.14,0.8
"928",4.58722639993295,2.15,0.8
"929",4.5575690387235,2.16,0.8
"930",4.52834359689002,2.17,0.8
"931",4.49954202570907,2.18,0.8
"932",4.47115643974352,2.19,0.8
"933",4.44317910205064,2.2,0.8
"934",4.4156052104619,2.21,0.8
"935",4.38842394973851,2.22,0.8
"936",4.36162991173631,2.23,0.8
"937",4.33521650058894,2.24,0.8
"938",4.3091774391251,2.25,0.8
"939",4.28350681499611,2.26,0.8
"940",4.2581381027374,2.27,0.8
"941",4.23318837404519,2.28,0.8
"942",4.20858104786337,2.29,0.8
"943",4.1843019616556,2.3,0.8
"944",4.16035735181926,2.31,0.8
"945",4.13674136380443,2.32,0.8
"946",4.11344828480353,2.33,0.8
"947",4.09047250218888,2.34,0.8
"948",4.06780808499716,2.35,0.8
"949",4.04544991007166,2.36,0.8
"950",4.0233926860968,2.37,0.8
"951",4.00163123150006,2.38,0.8
"952",3.98016047175977,2.39,0.8
"953",3.95897543680117,2.4,0.8
"954",3.93807125847759,2.41,0.8
"955",3.91744316813381,2.42,0.8
"956",3.89708649424836,2.43,0.8
"957",3.87699666015117,2.44,0.8
"958",3.85716918181314,2.45,0.8
"959",3.83759933048725,2.46,0.8
"960",3.81828320972219,2.47,0.8
"961",3.79921654321464,2.48,0.8
"962",3.78039520123159,2.49,0.8
"963",3.76181513606066,2.5,0.8
"964",3.74347238006531,2.51,0.8
"965",3.7253630437502,2.52,0.8
"966",3.70748331390482,2.53,0.8
"967",3.68982945179742,2.54,0.8
"968",3.67239779142302,2.55,0.8
"969",3.65518473780425,2.56,0.8
"970",3.63818676534434,2.57,0.8
"971",3.62140041623089,2.58,0.8
"972",3.6048222988894,2.59,0.8
"973",3.58844908648509,2.6,0.8
"974",3.57227751547155,2.61,0.8
"975",3.5563043841846,2.62,0.8
"976",3.54052655147955,2.63,0.8
"977",3.52495005652165,2.64,0.8
"978",3.50956271317325,2.65,0.8
"979",3.49436058312063,2.66,0.8
"980",3.47927973069698,2.67,0.8
"981",3.46443939484828,2.68,0.8
"982",3.44977577638893,2.69,0.8
"983",3.4352861765611,2.7,0.8
"984",3.42096795953508,2.71,0.8
"985",3.40681854977017,2.72,0.8
"986",3.39283542906251,2.73,0.8
"987",3.37901613326432,2.74,0.8
"988",3.36535824866017,2.75,0.8
"989",3.35185940798792,2.76,0.8
"990",3.33851728609401,2.77,0.8
"991",3.32532959521507,2.78,0.8
"992",3.31229407988452,2.79,0.8
"993",3.29939205109482,2.8,0.8
"994",3.2866707089807,2.81,0.8
"995",3.27410393079589,2.82,0.8
"996",3.2616300197726,2.83,0.8
"997",3.249323689036,2.84,0.8
"998",3.23715789477761,2.85,0.8
"999",3.22513116031365,2.86,0.8
"1000",3.2132421076927,2.87,0.8
"1001",3.20148945904942,2.88,0.8
"1002",3.18981100266911,2.89,0.8
"1003",3.17832757036523,2.9,0.8
"1004",3.16695210190534,2.91,0.8
"1005",3.15570213687884,2.92,0.8
"1006",3.14457585712124,2.93,0.8
"1007",3.13357147526666,2.94,0.8
"1008",3.12268723391767,2.95,0.8
"1009",3.11192140481981,2.96,0.8
"1010",3.10127228796599,2.97,0.8
"1011",3.09073821067325,2.98,0.8
"1012",3.08031752660449,2.99,0.8
"1013",3.07000861473016,3,0.8
"1014",3.0598098782219,3.01,0.8
"1015",3.04971974326936,3.02,0.8
"1016",3.03973665781228,3.03,0.8
"1017",3.02985909017948,3.04,0.8
"1018",3.02008552762731,3.05,0.8
"1019",3.01041447477038,3.06,0.8
"1020",3.00084445189864,3.07,0.8
"1021",2.99137399317888,3.08,0.8
"1022",2.98202076931599,3.09,0.8
"1023",2.97275058474171,3.1,0.8
"1024",2.96357695735321,3.11,0.8
"1025",2.95449871857618,3.12,0.8
"1026",2.94551474333028,3.13,0.8
"1027",2.93656291671046,3.14,0.8
"1028",2.92776427654437,3.15,0.8
"1029",2.91905680446376,3.16,0.8
"1030",2.91043226522422,3.17,0.8
"1031",2.9018896070012,3.18,0.8
"1032",2.89343277553771,3.19,0.8
"1033",2.88506064549672,3.2,0.8
"1034",2.87677208251175,3.21,0.8
"1035",2.86856596995875,3.22,0.8
"1036",2.86044120910571,3.23,0.8
"1037",2.85240593199961,3.24,0.8
"1038",2.84444258414925,3.25,0.8
"1039",2.8365574704387,3.26,0.8
"1040",2.82874954736333,3.27,0.8
"1041",2.82101778787414,3.28,0.8
"1042",2.81336118116074,3.29,0.8
"1043",2.8057787324367,3.3,0.8
"1044",2.79826946272676,3.31,0.8
"1045",2.79083240865552,3.32,0.8
"1046",2.7834666222373,3.33,0.8
"1047",2.7761101355105,3.34,0.8
"1048",2.76888410095337,3.35,0.8
"1049",2.7617265803417,3.36,0.8
"1050",2.75463668515166,3.37,0.8
"1051",2.7476135412119,3.38,0.8
"1052",2.74065628848218,3.39,0.8
"1053",2.73376408084478,3.4,0.8
"1054",2.72693608589217,3.41,0.8
"1055",2.72017148471325,3.42,0.8
"1056",2.71346947167813,3.43,0.8
"1057",2.70682925422117,3.44,0.8
"1058",2.70025005262238,3.45,0.8
"1059",2.69373109978689,3.46,0.8
"1060",2.68727164102255,3.47,0.8
"1061",2.68087093381566,3.48,0.8
"1062",2.67452824760705,3.49,0.8
"1063",2.66824286355518,3.5,0.8
"1064",2.6620140743192,3.51,0.8
"1065",2.65584118381912,3.52,0.8
"1066",2.64972350700469,3.53,0.8
"1067",2.64366036962099,3.54,0.8
"1068",2.6376511079727,3.55,0.8
"1069",2.63169506868744,3.56,0.8
"1070",2.62579160847834,3.57,0.8
"1071",2.61994009390615,3.58,0.8
"1072",2.61413990114112,3.59,0.8
"1073",2.60839041572512,3.6,0.8
"1074",2.60269103233414,3.61,0.8
"1075",2.59704115454176,3.62,0.8
"1076",2.59144019458608,3.63,0.8
"1077",2.58588757312723,3.64,0.8
"1078",2.58038271902867,3.65,0.8
"1079",2.5749250691198,3.66,0.8
"1080",2.56951406797194,3.67,0.8
"1081",2.56414363018167,3.68,0.8
"1082",2.55885576967343,3.69,0.8
"1083",2.55356293692661,3.7,0.8
"1084",2.54832581922383,3.71,0.8
"1085",2.54314197677984,3.72,0.8
"1086",2.53800743858367,3.73,0.8
"1087",2.53292167338605,3.74,0.8
"1088",2.52782317242794,3.75,0.8
"1089",2.52282644241945,3.76,0.8
"1090",2.51785315632137,3.77,0.8
"1091",2.51292096232131,3.78,0.8
"1092",2.50802940467764,3.79,0.8
"1093",2.50317803442208,3.8,0.8
"1094",2.49836640918922,3.81,0.8
"1095",2.49359409304679,3.82,0.8
"1096",2.48886065632667,3.83,0.8
"1097",2.48416567545692,3.84,0.8
"1098",2.479508732795,3.85,0.8
"1099",2.47488941646239,3.86,0.8
"1100",2.47030732018079,3.87,0.8
"1101",2.4657620431101,3.88,0.8
"1102",2.46125318969031,3.89,0.8
"1103",2.45678036947636,3.9,0.8
"1104",2.45234319699356,3.91,0.8
"1105",2.4479412915779,3.92,0.8
"1106",2.44357427722801,3.93,0.8
"1107",2.43924178245842,3.94,0.8
"1108",2.43488240499999,3.95,0.8
"1109",2.43061785228506,3.96,0.8
"1110",2.42638673037395,3.97,0.8
"1111",2.42218868444783,3.98,0.8
"1112",2.41802336352462,3.99,0.8
"1113",2.41389042033551,4,0.8
"1114",234.462743571339,0.3,0.9
"1115",219.641598033151,0.31,0.9
"1116",206.188135436867,0.32,0.9
"1117",193.939129414133,0.33,0.9
"1118",182.754982025692,0.34,0.9
"1119",172.515743481415,0.35,0.9
"1120",163.11790116429,0.36,0.9
"1121",154.471735719836,0.37,0.9
"1122",146.499174926532,0.38,0.9
"1123",139.132017567486,0.39,0.9
"1124",132.310513963235,0.4,0.9
"1125",125.982072906392,0.41,0.9
"1126",120.100270906404,0.42,0.9
"1127",114.624108249192,0.43,0.9
"1128",109.517045437685,0.44,0.9
"1129",104.746725639645,0.45,0.9
"1130",100.284140184131,0.46,0.9
"1131",96.1034003002973,0.47,0.9
"1132",92.1812624240552,0.48,0.9
"1133",88.4968321237181,0.49,0.9
"1134",85.031284957506,0.5,0.9
"1135",81.7676237163827,0.51,0.9
"1136",78.690470045731,0.52,0.9
"1137",75.7858817794051,0.53,0.9
"1138",73.041225898953,0.54,0.9
"1139",70.4448878685791,0.55,0.9
"1140",67.9864480968549,0.56,0.9
"1141",65.6563447027551,0.57,0.9
"1142",63.4457121873136,0.58,0.9
"1143",61.3465733053374,0.59,0.9
"1144",59.3515530727921,0.6,0.9
"1145",57.453875286415,0.61,0.9
"1146",55.6473198993531,0.62,0.9
"1147",53.9261395850179,0.63,0.9
"1148",52.2850428062241,0.64,0.9
"1149",50.7191423686844,0.65,0.9
"1150",49.223895262151,0.66,0.9
"1151",47.7951677274532,0.67,0.9
"1152",46.429027877521,0.68,0.9
"1153",45.1218897031957,0.69,0.9
"1154",43.8704063505862,0.7,0.9
"1155",42.6714650030878,0.71,0.9
"1156",41.5221678787989,0.72,0.9
"1157",40.4198130392352,0.73,0.9
"1158",39.3618814737185,0.74,0.9
"1159",38.3460426047403,0.75,0.9
"1160",37.3700158082956,0.76,0.9
"1161",36.4318499820479,0.77,0.9
"1162",35.5295900702595,0.78,0.9
"1163",34.6613735391514,0.79,0.9
"1164",33.8255494696513,0.8,0.9
"1165",33.0205287873178,0.81,0.9
"1166",32.2448178980185,0.82,0.9
"1167",31.4970123413969,0.83,0.9
"1168",30.7758019526022,0.84,0.9
"1169",30.0799027836218,0.85,0.9
"1170",29.4081979273004,0.86,0.9
"1171",28.75952784819,0.87,0.9
"1172",28.1329136250458,0.88,0.9
"1173",27.5273432276503,0.89,0.9
"1174",26.9418561514525,0.9,0.9
"1175",26.3756185773051,0.91,0.9
"1176",25.8277771745361,0.92,0.9
"1177",25.2975190023512,0.93,0.9
"1178",24.7841716097279,0.94,0.9
"1179",24.2869667469784,0.95,0.9
"1180",23.805253762989,0.96,0.9
"1181",23.3383974490451,0.97,0.9
"1182",22.8857948384214,0.98,0.9
"1183",22.4468732633202,0.99,0.9
"1184",22.021088546403,1,0.9
"1185",21.6079234553251,1.01,0.9
"1186",21.206885505259,1.02,0.9
"1187",20.8175177252816,1.03,0.9
"1188",20.4393101831388,1.04,0.9
"1189",20.0719459050724,1.05,0.9
"1190",19.7149600376845,1.06,0.9
"1191",19.3679677898398,1.07,0.9
"1192",19.0306152547033,1.08,0.9
"1193",18.7025215412881,1.09,0.9
"1194",18.3833702073056,1.1,0.9
"1195",18.0728409142491,1.11,0.9
"1196",17.7706274454932,1.12,0.9
"1197",17.4764369688997,1.13,0.9
"1198",17.1899893673194,1.14,0.9
"1199",16.9110166202273,1.15,0.9
"1200",16.6392622184682,1.16,0.9
"1201",16.3744560774788,1.17,0.9
"1202",16.116429784615,1.18,0.9
"1203",15.8649037018721,1.19,0.9
"1204",15.619669484016,1.2,0.9
"1205",15.3805235560085,1.21,0.9
"1206",15.1472681947185,1.22,0.9
"1207",14.9196895624769,1.23,0.9
"1208",14.6976762123209,1.24,0.9
"1209",14.4809895937203,1.25,0.9
"1210",14.269455140256,1.26,0.9
"1211",14.0629430154971,1.27,0.9
"1212",13.86128681428,1.28,0.9
"1213",13.6643402420653,1.29,0.9
"1214",13.471969972503,1.3,0.9
"1215",13.2839728593379,1.31,0.9
"1216",13.1002949547297,1.32,0.9
"1217",12.9207771667513,1.33,0.9
"1218",12.7452968737235,1.34,0.9
"1219",12.5737350668769,1.35,0.9
"1220",12.4059770945826,1.36,0.9
"1221",12.2419124722567,1.37,0.9
"1222",12.0814347018299,1.38,0.9
"1223",11.9244411002355,1.39,0.9
"1224",11.7708326364105,1.4,0.9
"1225",11.6205380179112,1.41,0.9
"1226",11.4733644327466,1.42,0.9
"1227",11.3293588854322,1.43,0.9
"1228",11.1883744465972,1.44,0.9
"1229",11.0503282561711,1.45,0.9
"1230",10.9151403440835,1.46,0.9
"1231",10.7827334910531,1.47,0.9
"1232",10.6530330961459,1.48,0.9
"1233",10.5259670526537,1.49,0.9
"1234",10.4014691052553,1.5,0.9
"1235",10.2794638713156,1.51,0.9
"1236",10.1598907852404,1.52,0.9
"1237",10.0426866057137,1.53,0.9
"1238",9.92779012521147,1.54,0.9
"1239",9.81514209216081,1.55,0.9
"1240",9.70468513776489,1.56,0.9
"1241",9.5963637068816,1.57,0.9
"1242",9.49012399222667,1.58,0.9
"1243",9.3859138711994,1.59,0.9
"1244",9.28365884056228,1.6,0.9
"1245",9.18336867563205,1.61,0.9
"1246",9.08495813090348,1.62,0.9
"1247",8.98838042204883,1.63,0.9
"1248",8.89359269719598,1.64,0.9
"1249",8.80055288318522,1.65,0.9
"1250",8.70921969935224,1.66,0.9
"1251",8.61956796965774,1.67,0.9
"1252",8.53151259540163,1.68,0.9
"1253",8.44505880624701,1.69,0.9
"1254",8.36013527890523,1.7,0.9
"1255",8.2767759194725,1.71,0.9
"1256",8.19487307041082,1.72,0.9
"1257",8.11442207321213,1.73,0.9
"1258",8.03533822392785,1.74,0.9
"1259",7.95770006643537,1.75,0.9
"1260",7.88138455481816,1.76,0.9
"1261",7.80638878540163,1.77,0.9
"1262",7.73268429479623,1.78,0.9
"1263",7.66024235454687,1.79,0.9
"1264",7.58904062116569,1.8,0.9
"1265",7.51903828920052,1.81,0.9
"1266",7.45021301315346,1.82,0.9
"1267",7.38254121131408,1.83,0.9
"1268",7.31599783841122,1.84,0.9
"1269",7.25055853761614,1.85,0.9
"1270",7.18619961973544,1.86,0.9
"1271",7.12289804240344,1.87,0.9
"1272",7.06063138928859,1.88,0.9
"1273",6.99937784935289,1.89,0.9
"1274",6.93911619622639,1.9,0.9
"1275",6.8798257677784,1.91,0.9
"1276",6.82148644598653,1.92,0.9
"1277",6.7640424076051,1.93,0.9
"1278",6.70755182171431,1.94,0.9
"1279",6.65195482956132,1.95,0.9
"1280",6.59723322398428,1.96,0.9
"1281",6.54336926734573,1.97,0.9
"1282",6.49034567583801,1.98,0.9
"1283",6.43814560412523,1.99,0.9
"1284",6.38675263040796,2,0.9
"1285",6.33615074199276,2.01,0.9
"1286",6.28632432143739,2.02,0.9
"1287",6.23725975053956,2.03,0.9
"1288",6.18893851694925,2.04,0.9
"1289",6.14134823762193,2.05,0.9
"1290",6.09447473117317,2.06,0.9
"1291",6.04830415506453,2.07,0.9
"1292",6.00282299577922,2.08,0.9
"1293",5.95801805938765,2.09,0.9
"1294",5.91387646248686,2.1,0.9
"1295",5.87038562350498,2.11,0.9
"1296",5.82753325427589,2.12,0.9
"1297",5.78530735202654,2.13,0.9
"1298",5.74368141183215,2.14,0.9
"1299",5.70266061795109,2.15,0.9
"1300",5.66229567269392,2.16,0.9
"1301",5.62245328044797,2.17,0.9
"1302",5.58318344915297,2.18,0.9
"1303",5.54447536643687,2.19,0.9
"1304",5.50631845227285,2.2,0.9
"1305",5.4686996347492,2.21,0.9
"1306",5.43161587492149,2.22,0.9
"1307",5.39505229087813,2.23,0.9
"1308",5.35899970746894,2.24,0.9
"1309",5.32344909864118,2.25,0.9
"1310",5.2883751182443,2.26,0.9
"1311",5.25382414369051,2.27,0.9
"1312",5.21972127408243,2.28,0.9
"1313",5.18609136530136,2.29,0.9
"1314",5.15291924480271,2.3,0.9
"1315",5.12019237187503,2.31,0.9
"1316",5.08795552818562,2.32,0.9
"1317",5.05608681467443,2.33,0.9
"1318",5.02467611531248,2.34,0.9
"1319",4.99368761320881,2.35,0.9
"1320",4.96311539836333,2.36,0.9
"1321",4.93295462773095,2.37,0.9
"1322",4.90314092485624,2.38,0.9
"1323",4.87379008276554,2.39,0.9
"1324",4.84479944033023,2.4,0.9
"1325",4.81618891028246,2.41,0.9
"1326",4.78795230724751,2.42,0.9
"1327",4.76008372450909,2.43,0.9
"1328",4.73257594052702,2.44,0.9
"1329",4.70542542288555,2.45,0.9
"1330",4.67862350318917,2.46,0.9
"1331",4.65216402883871,2.47,0.9
"1332",4.62604261709806,2.48,0.9
"1333",4.60025375415158,2.49,0.9
"1334",4.57479203684173,2.5,0.9
"1335",4.54965217009965,2.51,0.9
"1336",4.52482896440082,2.52,0.9
"1337",4.50031733324747,2.53,0.9
"1338",4.47611229068016,2.54,0.9
"1339",4.45220894882142,2.55,0.9
"1340",4.42860251545521,2.56,0.9
"1341",4.40528829164591,2.57,0.9
"1342",4.38226166940126,2.58,0.9
"1343",4.35951812938352,2.59,0.9
"1344",4.33705323867346,2.6,0.9
"1345",4.31486264859901,2.61,0.9
"1346",4.29293284426236,2.62,0.9
"1347",4.27127916503035,2.63,0.9
"1348",4.2498871718875,2.64,0.9
"1349",4.22875282546409,2.65,0.9
"1350",4.20787406424802,2.66,0.9
"1351",4.18724284872533,2.67,0.9
"1352",4.16685765738794,2.68,0.9
"1353",4.14671474142435,2.69,0.9
"1354",4.12681042073642,2.7,0.9
"1355",4.10714108243766,2.71,0.9
"1356",4.08770335455724,2.72,0.9
"1357",4.06849339073212,2.73,0.9
"1358",4.04950795922584,2.74,0.9
"1359",4.0307437018836,2.75,0.9
"1360",4.01219732079916,2.76,0.9
"1361",3.99386141052293,2.77,0.9
"1362",3.97573474050595,2.78,0.9
"1363",3.95781668985208,2.79,0.9
"1364",3.94010424062164,2.8,0.9
"1365",3.92259442010893,2.81,0.9
"1366",3.90534533433691,2.82,0.9
"1367",3.88823202602885,2.83,0.9
"1368",3.87131268441181,2.84,0.9
"1369",3.85458450373211,2.85,0.9
"1370",3.83804471782459,2.86,0.9
"1371",3.82169059978891,2.87,0.9
"1372",3.80551946191191,2.88,0.9
"1373",3.78952865581045,2.89,0.9
"1374",3.77371557276115,2.9,0.9
"1375",3.7580776441813,2.91,0.9
"1376",3.74261234217711,2.92,0.9
"1377",3.7273171801908,2.93,0.9
"1378",3.71218971357402,2.94,0.9
"1379",3.69722754010922,2.95,0.9
"1380",3.68242830038433,2.96,0.9
"1381",3.66780644103232,2.97,0.9
"1382",3.65330923092382,2.98,0.9
"1383",3.63898516056872,2.99,0.9
"1384",3.62481496440181,3,0.9
"1385",3.6107965165811,3.01,0.9
"1386",3.59695651666826,3.02,0.9
"1387",3.58321596523459,3.03,0.9
"1388",3.56963239202693,3.04,0.9
"1389",3.55620248999559,3.05,0.9
"1390",3.54290830733145,3.06,0.9
"1391",3.52975738307325,3.07,0.9
"1392",3.51674379819349,3.08,0.9
"1393",3.50386506249915,3.09,0.9
"1394",3.49111836876118,3.1,0.9
"1395",3.47850053735885,3.11,0.9
"1396",3.46600795853573,3.12,0.9
"1397",3.4536975679225,3.13,0.9
"1398",3.441456659402,3.14,0.9
"1399",3.42935759069505,3.15,0.9
"1400",3.41738246284324,3.16,0.9
"1401",3.40552982767512,3.17,0.9
"1402",3.39379834677675,3.18,0.9
"1403",3.38218681616994,3.19,0.9
"1404",3.37069419581608,3.2,0.9
"1405",3.35931964425892,3.21,0.9
"1406",3.34800152356495,3.22,0.9
"1407",3.33686158550244,3.23,0.9
"1408",3.32583121365958,3.24,0.9
"1409",3.31489680165119,3.25,0.9
"1410",3.30407071682157,3.26,0.9
"1411",3.29335158928529,3.27,0.9
"1412",3.28273808847821,3.28,0.9
"1413",3.27222893011234,3.29,0.9
"1414",3.26182288551459,3.3,0.9
"1415",3.25151629970588,3.31,0.9
"1416",3.24131096564956,3.32,0.9
"1417",3.23120450228083,3.33,0.9
"1418",3.22119930090012,3.34,0.9
"1419",3.21128750706651,3.35,0.9
"1420",3.20147091654261,3.36,0.9
"1421",3.19174832302766,3.37,0.9
"1422",3.18211853764885,3.38,0.9
"1423",3.1725803886359,3.39,0.9
"1424",3.16313272101242,3.4,0.9
"1425",3.15377439630432,3.41,0.9
"1426",3.14450429226556,3.42,0.9
"1427",3.13532130262147,3.43,0.9
"1428",3.12622433682951,3.44,0.9
"1429",3.11721231985743,3.45,0.9
"1430",3.10828419197829,3.46,0.9
"1431",3.09943890858617,3.47,0.9
"1432",3.0906754400075,3.48,0.9
"1433",3.08199277136642,3.49,0.9
"1434",3.07338990242562,3.5,0.9
"1435",3.06486584745844,3.51,0.9
"1436",3.05641963512821,3.52,0.9
"1437",3.04805030837701,3.53,0.9
"1438",3.03975692432197,3.54,0.9
"1439",3.03153855415705,3.55,0.9
"1440",3.02339428305829,3.56,0.9
"1441",3.01532321009021,3.57,0.9
"1442",3.00731272907304,3.58,0.9
"1443",2.99938448818111,3.59,0.9
"1444",2.99152693428627,3.6,0.9
"1445",2.98373922887628,3.61,0.9
"1446",2.97602054522564,3.62,0.9
"1447",2.96837006817185,3.63,0.9
"1448",2.96078699386277,3.64,0.9
"1449",2.9532705295315,3.65,0.9
"1450",2.94581989327717,3.66,0.9
"1451",2.93843431385554,3.67,0.9
"1452",2.93111303047958,3.68,0.9
"1453",2.9238552926301,3.69,0.9
"1454",2.91666035987656,3.7,0.9
"1455",2.90952750170797,3.71,0.9
"1456",2.90245599737365,3.72,0.9
"1457",2.89544513573366,3.73,0.9
"1458",2.88849421512221,3.74,0.9
"1459",2.8816025432019,3.75,0.9
"1460",2.87476943686141,3.76,0.9
"1461",2.86799422208639,3.77,0.9
"1462",2.86127623385418,3.78,0.9
"1463",2.85461481603119,3.79,0.9
"1464",2.84800932127556,3.8,0.9
"1465",2.84145911094411,3.81,0.9
"1466",2.83496355500248,3.82,0.9
"1467",2.82852203193762,3.83,0.9
"1468",2.82214390910173,3.84,0.9
"1469",2.81581775415445,3.85,0.9
"1470",2.80954267617621,3.86,0.9
"1471",2.80325711112826,3.87,0.9
"1472",2.79708261594349,3.88,0.9
"1473",2.79095765659681,3.89,0.9
"1474",2.78488174759142,3.9,0.9
"1475",2.77885441556439,3.91,0.9
"1476",2.77287519793037,3.92,0.9
"1477",2.76694364141116,3.93,0.9
"1478",2.76105930045267,3.94,0.9
"1479",2.75522173553145,3.95,0.9
"1480",2.7494305113541,3.96,0.9
"1481",2.74368519495341,3.97,0.9
"1482",2.73798535368624,3.98,0.9
"1483",2.73233055313868,3.99,0.9
"1484",2.72672035494876,4,0.9
